
[
	
	{
		"pack_id" : "53c6dbbd-4092-4f9a-9755-e9eb41ad8095",
		"version" : [ 4, 2, 1561 ]
	},
	
	{
		"pack_id" : "56cf7f31-dd21-403d-94f2-ec4243cdc6ea",
		"version" : [ 0, 0, 12 ]
	},
	
	{
		"pack_id" : "9a818aca-f36e-49e5-bff2-1ce3b7a152a3",
		"version" : [ 0, 0, 7 ]
	},
	
	{
		"pack_id" : "3b0770f7-c506-4608-84e6-490958fe8ff8",
		"version" : [ 0, 0, 10 ]
	},
	
	{
		"pack_id" : "bd8ee205-482b-49ea-8cb0-581eb982ba91",
		"version" : [ 0, 0, 16 ]
	},
	
	{
		"pack_id" : "c677dfc6-5e9f-4d0a-a1b8-b9c3bdb39daa",
		"version" : [ 0, 0, 2 ]
	},
	
	{
		"pack_id" : "b0b7a39f-0069-4e1c-8ca1-8d160fac0083",
		"version" : [ 0, 0, 3 ]
	}
]
