
[
	
	{
		"pack_id" : "53c6dbbd-4092-4f9a-9755-e9eb41ad8095",
		"version" : [ 4, 2, 1561 ]
	},
	
	{
		"pack_id" : "3b0770f7-c506-4608-84e6-490958fe8ff8",
		"version" : [ 0, 0, 13 ]
	},
	
	{
		"pack_id" : "f4161918-3478-4c58-96a2-f9fc6544a9b3",
		"version" : [ 0, 0, 11 ]
	},
	
	{
		"pack_id" : "382dceec-1ddc-4d9b-80ef-0813f05af0d0",
		"version" : [ 0, 0, 4 ]
	},
	
	{
		"pack_id" : "9a818aca-f36e-49e5-bff2-1ce3b7a152a3",
		"version" : [ 0, 0, 2 ]
	},
	
	{
		"pack_id" : "b0b7a39f-0069-4e1c-8ca1-8d160fac0083",
		"version" : [ 0, 0, 2 ]
	},
	
	{
		"pack_id" : "402ee2ea-4bf8-4f23-95df-443c57f72821",
		"version" : [ 0, 0, 2 ]
	},
	
	{
		"pack_id" : "de28c2f1-f298-413c-9860-fe10b7ada4f0",
		"version" : [ 0, 0, 2 ]
	},
	
	{
		"pack_id" : "bedc8acb-f014-45c4-be4f-51cf6f972718",
		"version" : [ 0, 0, 2 ]
	},
	
	{
		"pack_id" : "9e3ad853-6a69-4722-ae68-4c116f7853b4",
		"version" : [ 0, 0, 9 ]
	}
]
